Model,MAE,MSE,RMSE,R2_Score
Linear SVM Train,1130.8098377361528,1699770.5917139188,1303.7525040106036,-0.007662194341707229
Linear SVM Test,1014.6993830282029,1383199.6738687626,1176.0950955891121,-0.29363469467414105
Best SVM Train,971.832903757976,1335932.0994986384,1155.8252893489735,0.208029437952007
Best SVM Test,1011.8809634075951,1434054.776601782,1197.5202614577267,-0.3411968265481642
