Fold,R2_Score
1,-0.09710381613949992
2,-0.08773907027741812
3,0.019964898933082287
4,-0.02452555332516604
5,-0.1602892193483909
